measure,attacks,messages,trades,all
nodes,4418,3092,2648,4612
edges,632800,451589,270815,1355204
diameter,17,9,10,8
average number of neighbors,3.9866823377181,42.9453429524649,89.8695953595224,
reciprocity,0.039288949275362,0.703908137704773,0.93816591876654,
